{
  "kategorije": {
    "automobili": {
      "ID": "k1",
      "naziv": "Automobili"
    },
    "filozofija": {
      "ID": "k2",
      "naziv": "Filozofija"
    },
    "geografija": {
      "ID": "k3",
      "naziv": "Geografija"
    },
    "hrana": {
      "ID": "k4",
      "naziv": "Hrana"
    }
  },
  "clanci": {
    "c1": {
      "ID": "c1",
      "kategorijaID": "k1",
      "naslov": "Audi A1",
      "slikaURL": "https://i.pinimg.com/originals/96/88/8b/96888bc59aa2dc19fc9d60e4e1f3c1dc.png",
      "opis": "Lorem ipsum dolor sit amet consectetur adipisicing elit.",
      "autor": "Fran Stanic",
      "datum": "",
      "kljucneRijeci": ["Audi A1", "au", "aud", "premium", "compact"]
    },
    "c2": {
      "ID": "c2",
      "kategorijaID": "k1",
      "naslov": "Audi A3",
      "slikaURL": "https://i.pinimg.com/originals/23/72/6f/23726f91dd6f918ab49a092402c6cf09.png",
      "opis": "Lorem ipsum dolor sit amet consectetur adipisicing elit.",
      "autor": "Fran Stanic",
      "datum": "",
      "kljucneRijeci": ["Audi A3", "au", "aud", "luxury", "sedan"]
    },
    "c13": {
      "ID": "c13",
      "kategorijaID": "k1",
      "naslov": "Audi A4",
      "slikaURL": "https://i.pinimg.com/736x/16/17/4c/16174c320a03cfc37a21b72257b96108.jpg",
      "opis": "Lorem ipsum dolor sit amet consectetur adipisicing elit.",
      "autor": "Fran Stanic",
      "datum": "",
      "kljucneRijeci": ["Audi A4", "au", "aud", "sedan", "performance"]
    },
    "c14": {
      "ID": "c14",
      "kategorijaID": "k1",
      "naslov": "Audi A5",
      "slikaURL": "https://i.pinimg.com/originals/88/c5/90/88c5901adf2ddb743b049f420c9ef131.png",
      "opis": "Lorem ipsum dolor sit amet consectetur adipisicing elit.",
      "autor": "Fran Stanic",
      "datum": "",
      "kljucneRijeci": ["Audi A5", "au", "aud", "coupe", "elegant"]
    },
    "c3": {
      "ID": "c3",
      "kategorijaID": "k2",
      "naslov": "Friedrich Nietzsche",
      "slikaURL": "https://colunastortas.com.br/wp-content/uploads/2022/06/nietzasche.png",
      "opis": "Lorem ipsum dolor sit amet consectetur adipisicing elit.",
      "autor": "Fran Stanic",
      "datum": "",
      "kljucneRijeci": ["Friedrich Nietzsche", "filozof", "fri", "existencijalizam", "volja za moći"]
    },
    "c4": {
      "ID": "c4",
      "kategorijaID": "k2",
      "naslov": "Aristotel",
      "slikaURL": "https://upload.wikimedia.org/wikipedia/commons/thumb/a/ae/Aristotle_Altemps_Inv8575.jpg/1200px-Aristotle_Altemps_Inv8575.jpg",
      "opis": "Lorem ipsum dolor sit amet consectetur adipisicing elit.",
      "autor": "Fran Stanic",
      "datum": "",
      "kljucneRijeci": ["Aristotel", "filozof", "aris", "metafizika", "etika"]
    },
    "c15": {
      "ID": "c15",
      "kategorijaID": "k2",
      "naslov": "Platon",
      "slikaURL": "https://www.artmajeur.com/medias/standard/h/a/hamot/artwork/10551697_platon.jpg",
      "opis": "Lorem ipsum dolor sit amet consectetur adipisicing elit.",
      "autor": "Fran Stanic",
      "datum": "",
      "kljucneRijeci": ["Platon", "filozof", "plato", "teorija ideja", "država"]
    },
    "c16": {
      "ID": "c16",
      "kategorijaID": "k2",
      "naslov": "Sokrat",
      "slikaURL": "https://upload.wikimedia.org/wikipedia/commons/thumb/a/a4/Socrates_Louvre.jpg/240px-Socrates_Louvre.jpg",
      "opis": "Lorem ipsum dolor sit amet consectetur adipisicing elit.",
      "autor": "Fran Stanic",
      "datum": "",
      "kljucneRijeci": ["Sokrat", "filozof", "so", "dijalog", "ironija"]
    },
    "c5": {
      "ID": "c5",
      "kategorijaID": "k3",
      "naslov": "Brazil",
      "slikaURL": "https://cdn.freebiesupply.com/logos/large/2x/brazil-01-logo-png-transparent.png",
      "opis": "Lorem ipsum dolor sit amet consectetur adipisicing elit.",
      "autor": "Fran Stanic",
      "datum": "",
      "kljucneRijeci": ["Brazil", "brz", "bra", "južna amerika", "amazon"]
    },
    "c6": {
      "ID": "c6",
      "kategorijaID": "k3",
      "naslov": "Belgija",
      "slikaURL": "https://cdn.freebiesupply.com/logos/thumbs/2x/belgium-flag-logo.png",
      "opis": "Lorem ipsum dolor sit amet consectetur adipisicing elit.",
      "autor": "Fran Stanic",
      "datum": "",
      "kljucneRijeci": ["Belgija", "blg", "bel", "EU", "čokolada"]
    },
    "c17": {
      "ID": "c17",
      "kategorijaID": "k3",
      "naslov": "Nizozemska",
      "slikaURL": "https://upload.wikimedia.org/wikipedia/commons/thumb/2/20/Flag_of_the_Netherlands.svg/1280px-Flag_of_the_Netherlands.svg.png",
      "opis": "Lorem ipsum dolor sit amet consectetur adipisicing elit.",
      "autor": "Fran Stanic",
      "datum": "",
      "kljucneRijeci": ["Ni", "hol", "nizozemska", "vjetrenjače", "tulipani"]
    },
    "c18": {
      "ID": "c18",
      "kategorijaID": "k3",
      "naslov": "Francuska",
      "slikaURL": "https://encrypted-tbn0.gstatic.com/images?q=tbn:ANd9GcSasFPXpVqJZghVqtHbbQMJyt9CU8ApvZuM_Q&usqp=CAU",
      "opis": "Lorem ipsum dolor sit amet consectetur adipisicing elit.",
      "autor": "Fran Stanic",
      "datum": "",
      "kljucneRijeci": ["Francuska", "fra", "pariz", "vino", "moda"]
    },
    "c7": {
      "ID": "c7",
      "kategorijaID": "k4",
      "naslov": "Pizza",
      "slikaURL": "https://static.vecteezy.com/system/resources/previews/024/589/160/non_2x/top-view-pizza-with-ai-generated-free-png.png",
      "opis": "Lorem ipsum dolor sit amet consectetur adipisicing elit.",
      "autor": "Fran Stanic",
      "datum": "",
      "kljucneRijeci": ["Pizza", "piz", "ita", "pepperoni", "pizz"]
    },
    "c8": {
      "ID": "c8",
      "kategorijaID": "k4",
      "naslov": "Burger",
      "slikaURL": "https://t4.ftcdn.net/jpg/05/85/29/13/360_F_585291348_nfsxpgUHUkphTWtkruvHW7lGvF6IdSvM.jpg",
      "opis": "Lorem ipsum dolor sit amet consectetur adipisicing elit.",
      "autor": "Fran Stanic",
      "datum": "",
      "kljucneRijeci": ["Burger", "bur", "fast", "cheese", "grilled"]
    },
    "c9": {
      "ID": "c9",
      "kategorijaID": "k4",
      "naslov": "Tjestenina",
      "slikaURL": "https://static.vecteezy.com/system/resources/previews/021/344/437/original/pasta-isolated-on-a-transparent-background-png.png",
      "opis": "Lorem ipsum dolor sit amet consectetur adipisicing elit.",
      "autor": "Fran Stanic",
      "datum": "",
      "kljucneRijeci": ["Tjestenina", "tje", "tijesto", "spaghetti", "bolognese"]
    },
    "c10": {
      "ID": "c10",
      "kategorijaID": "k4",
      "naslov": "Ćevapi",
      "slikaURL": "https://wallpapers.com/images/hd/cevapi-sausages-with-white-sauce-phu570x3fxrstvkx.jpg",
      "opis": "Lorem ipsum dolor sit amet consectetur adipisicing elit.",
      "autor": "Fran Stanic",
      "datum": "",
      "kljucneRijeci": ["Ćevapi", "cev", "cevapi", "grill", "cevap"]
    }
  },  
  "korisnici": {
    "prijavljeniKorisnik": {
      "Email": "",
      "Lozinka": "",
      "recenzije": {
        "ocjene": []
      }
    }
  }
}